{
  "backprop" : true,
  "backpropType" : "Standard",
  "cacheMode" : "NONE",
  "confs" : [ {
    "cacheMode" : "NONE",
    "epochCount" : 200,
    "iterationCount" : 0,
    "layer" : {
      "@class" : "org.deeplearning4j.nn.conf.layers.ConvolutionLayer",
      "activationFn" : {
        "@class" : "org.nd4j.linalg.activations.impl.ActivationReLU"
      },
      "biasInit" : 0.0,
      "biasUpdater" : {
        "@class" : "org.nd4j.linalg.learning.config.Nesterovs",
        "learningRate" : "NaN",
        "learningRateSchedule" : {
          "@class" : "org.nd4j.linalg.schedule.StepSchedule",
          "decayRate" : 0.1,
          "initialValue" : 0.02,
          "scheduleType" : "ITERATION",
          "step" : 100000.0
        },
        "momentum" : 0.9
      },
      "constraints" : null,
      "convolutionMode" : "Truncate",
      "cudnnAlgoMode" : "PREFER_FASTEST",
      "cudnnAllowFallback" : true,
      "cudnnBwdDataAlgo" : null,
      "cudnnBwdFilterAlgo" : null,
      "cudnnFwdAlgo" : null,
      "dilation" : [ 1, 1 ],
      "dist" : {
        "type" : "org.deeplearning4j.nn.conf.distribution.NormalDistribution",
        "mean" : 0.0,
        "std" : 0.01
      },
      "gradientNormalization" : "RenormalizeL2PerLayer",
      "gradientNormalizationThreshold" : 1.0,
      "hasBias" : true,
      "idropout" : null,
      "iupdater" : {
        "@class" : "org.nd4j.linalg.learning.config.Nesterovs",
        "learningRate" : "NaN",
        "learningRateSchedule" : {
          "@class" : "org.nd4j.linalg.schedule.StepSchedule",
          "decayRate" : 0.1,
          "initialValue" : 0.01,
          "scheduleType" : "ITERATION",
          "step" : 100000.0
        },
        "momentum" : 0.9
      },
      "kernelSize" : [ 11, 11 ],
      "l1" : 0.0,
      "l1Bias" : 0.0,
      "l2" : 5.0E-4,
      "l2Bias" : 0.0,
      "layerName" : "layer0",
      "nin" : 3,
      "nout" : 96,
      "padding" : [ 0, 0 ],
      "pretrain" : false,
      "stride" : [ 1, 1 ],
      "weightInit" : "DISTRIBUTION",
      "weightNoise" : null
    },
    "maxNumLineSearchIterations" : 5,
    "miniBatch" : true,
    "minimize" : true,
    "optimizationAlgo" : "STOCHASTIC_GRADIENT_DESCENT",
    "pretrain" : false,
    "seed" : 1566958257912,
    "stepFunction" : null,
    "variables" : [ "W", "b" ]
  }, {
    "cacheMode" : "NONE",
    "epochCount" : 200,
    "iterationCount" : 0,
    "layer" : {
      "@class" : "org.deeplearning4j.nn.conf.layers.LocalResponseNormalization",
      "alpha" : 1.0E-4,
      "beta" : 0.75,
      "constraints" : null,
      "gradientNormalization" : "None",
      "gradientNormalizationThreshold" : 0.0,
      "idropout" : null,
      "k" : 2.0,
      "layerName" : "lrn1",
      "n" : 5.0,
      "pretrain" : false
    },
    "maxNumLineSearchIterations" : 5,
    "miniBatch" : true,
    "minimize" : true,
    "optimizationAlgo" : "STOCHASTIC_GRADIENT_DESCENT",
    "pretrain" : false,
    "seed" : 1566958257912,
    "stepFunction" : null,
    "variables" : [ ]
  }, {
    "cacheMode" : "NONE",
    "epochCount" : 200,
    "iterationCount" : 0,
    "layer" : {
      "@class" : "org.deeplearning4j.nn.conf.layers.LocalResponseNormalization",
      "alpha" : 1.0E-4,
      "beta" : 0.75,
      "constraints" : null,
      "gradientNormalization" : "None",
      "gradientNormalizationThreshold" : 0.0,
      "idropout" : null,
      "k" : 2.0,
      "layerName" : "lrn2",
      "n" : 5.0,
      "pretrain" : false
    },
    "maxNumLineSearchIterations" : 5,
    "miniBatch" : true,
    "minimize" : true,
    "optimizationAlgo" : "STOCHASTIC_GRADIENT_DESCENT",
    "pretrain" : false,
    "seed" : 1566958257912,
    "stepFunction" : null,
    "variables" : [ ]
  }, {
    "cacheMode" : "NONE",
    "epochCount" : 200,
    "iterationCount" : 0,
    "layer" : {
      "@class" : "org.deeplearning4j.nn.conf.layers.ConvolutionLayer",
      "activationFn" : {
        "@class" : "org.nd4j.linalg.activations.impl.ActivationReLU"
      },
      "biasInit" : 0.0,
      "biasUpdater" : {
        "@class" : "org.nd4j.linalg.learning.config.Nesterovs",
        "learningRate" : "NaN",
        "learningRateSchedule" : {
          "@class" : "org.nd4j.linalg.schedule.StepSchedule",
          "decayRate" : 0.1,
          "initialValue" : 0.02,
          "scheduleType" : "ITERATION",
          "step" : 100000.0
        },
        "momentum" : 0.9
      },
      "constraints" : null,
      "convolutionMode" : "Truncate",
      "cudnnAlgoMode" : "PREFER_FASTEST",
      "cudnnAllowFallback" : true,
      "cudnnBwdDataAlgo" : null,
      "cudnnBwdFilterAlgo" : null,
      "cudnnFwdAlgo" : null,
      "dilation" : [ 1, 1 ],
      "dist" : {
        "type" : "org.deeplearning4j.nn.conf.distribution.NormalDistribution",
        "mean" : 0.0,
        "std" : 0.01
      },
      "gradientNormalization" : "RenormalizeL2PerLayer",
      "gradientNormalizationThreshold" : 1.0,
      "hasBias" : true,
      "idropout" : null,
      "iupdater" : {
        "@class" : "org.nd4j.linalg.learning.config.Nesterovs",
        "learningRate" : "NaN",
        "learningRateSchedule" : {
          "@class" : "org.nd4j.linalg.schedule.StepSchedule",
          "decayRate" : 0.1,
          "initialValue" : 0.01,
          "scheduleType" : "ITERATION",
          "step" : 100000.0
        },
        "momentum" : 0.9
      },
      "kernelSize" : [ 5, 5 ],
      "l1" : 0.0,
      "l1Bias" : 0.0,
      "l2" : 5.0E-4,
      "l2Bias" : 0.0,
      "layerName" : "layer3",
      "nin" : 96,
      "nout" : 256,
      "padding" : [ 0, 0 ],
      "pretrain" : false,
      "stride" : [ 1, 1 ],
      "weightInit" : "DISTRIBUTION",
      "weightNoise" : null
    },
    "maxNumLineSearchIterations" : 5,
    "miniBatch" : true,
    "minimize" : true,
    "optimizationAlgo" : "STOCHASTIC_GRADIENT_DESCENT",
    "pretrain" : false,
    "seed" : 1566958257912,
    "stepFunction" : null,
    "variables" : [ "W", "b" ]
  }, {
    "cacheMode" : "NONE",
    "epochCount" : 200,
    "iterationCount" : 0,
    "layer" : {
      "@class" : "org.deeplearning4j.nn.conf.layers.SubsamplingLayer",
      "constraints" : null,
      "convolutionMode" : "Truncate",
      "cudnnAllowFallback" : true,
      "dilation" : [ 1, 1 ],
      "eps" : 1.0E-8,
      "gradientNormalization" : "None",
      "gradientNormalizationThreshold" : 0.0,
      "idropout" : null,
      "kernelSize" : [ 3, 3 ],
      "layerName" : "layer4",
      "padding" : [ 0, 0 ],
      "pnorm" : 0,
      "poolingType" : "MAX",
      "pretrain" : false,
      "stride" : [ 2, 2 ]
    },
    "maxNumLineSearchIterations" : 5,
    "miniBatch" : true,
    "minimize" : true,
    "optimizationAlgo" : "STOCHASTIC_GRADIENT_DESCENT",
    "pretrain" : false,
    "seed" : 1566958257912,
    "stepFunction" : null,
    "variables" : [ ]
  }, {
    "cacheMode" : "NONE",
    "epochCount" : 200,
    "iterationCount" : 0,
    "layer" : {
      "@class" : "org.deeplearning4j.nn.conf.layers.DenseLayer",
      "activationFn" : {
        "@class" : "org.nd4j.linalg.activations.impl.ActivationReLU"
      },
      "biasInit" : 0.0,
      "biasUpdater" : {
        "@class" : "org.nd4j.linalg.learning.config.Nesterovs",
        "learningRate" : "NaN",
        "learningRateSchedule" : {
          "@class" : "org.nd4j.linalg.schedule.StepSchedule",
          "decayRate" : 0.1,
          "initialValue" : 0.02,
          "scheduleType" : "ITERATION",
          "step" : 100000.0
        },
        "momentum" : 0.9
      },
      "constraints" : null,
      "dist" : {
        "type" : "org.deeplearning4j.nn.conf.distribution.NormalDistribution",
        "mean" : 0.001,
        "std" : 0.005
      },
      "gradientNormalization" : "RenormalizeL2PerLayer",
      "gradientNormalizationThreshold" : 1.0,
      "hasBias" : true,
      "idropout" : null,
      "iupdater" : {
        "@class" : "org.nd4j.linalg.learning.config.Nesterovs",
        "learningRate" : "NaN",
        "learningRateSchedule" : {
          "@class" : "org.nd4j.linalg.schedule.StepSchedule",
          "decayRate" : 0.1,
          "initialValue" : 0.01,
          "scheduleType" : "ITERATION",
          "step" : 100000.0
        },
        "momentum" : 0.9
      },
      "l1" : 0.0,
      "l1Bias" : 0.0,
      "l2" : 5.0E-4,
      "l2Bias" : 0.0,
      "layerName" : "layer5",
      "nin" : 12544,
      "nout" : 500,
      "pretrain" : false,
      "weightInit" : "DISTRIBUTION",
      "weightNoise" : null
    },
    "maxNumLineSearchIterations" : 5,
    "miniBatch" : true,
    "minimize" : true,
    "optimizationAlgo" : "STOCHASTIC_GRADIENT_DESCENT",
    "pretrain" : false,
    "seed" : 1566958257912,
    "stepFunction" : null,
    "variables" : [ "W", "b" ]
  }, {
    "cacheMode" : "NONE",
    "epochCount" : 200,
    "iterationCount" : 0,
    "layer" : {
      "@class" : "org.deeplearning4j.nn.conf.layers.DenseLayer",
      "activationFn" : {
        "@class" : "org.nd4j.linalg.activations.impl.ActivationReLU"
      },
      "biasInit" : 0.0,
      "biasUpdater" : {
        "@class" : "org.nd4j.linalg.learning.config.Nesterovs",
        "learningRate" : "NaN",
        "learningRateSchedule" : {
          "@class" : "org.nd4j.linalg.schedule.StepSchedule",
          "decayRate" : 0.1,
          "initialValue" : 0.02,
          "scheduleType" : "ITERATION",
          "step" : 100000.0
        },
        "momentum" : 0.9
      },
      "constraints" : null,
      "dist" : {
        "type" : "org.deeplearning4j.nn.conf.distribution.NormalDistribution",
        "mean" : 0.001,
        "std" : 0.005
      },
      "gradientNormalization" : "RenormalizeL2PerLayer",
      "gradientNormalizationThreshold" : 1.0,
      "hasBias" : true,
      "idropout" : null,
      "iupdater" : {
        "@class" : "org.nd4j.linalg.learning.config.Nesterovs",
        "learningRate" : "NaN",
        "learningRateSchedule" : {
          "@class" : "org.nd4j.linalg.schedule.StepSchedule",
          "decayRate" : 0.1,
          "initialValue" : 0.01,
          "scheduleType" : "ITERATION",
          "step" : 100000.0
        },
        "momentum" : 0.9
      },
      "l1" : 0.0,
      "l1Bias" : 0.0,
      "l2" : 5.0E-4,
      "l2Bias" : 0.0,
      "layerName" : "layer6",
      "nin" : 500,
      "nout" : 500,
      "pretrain" : false,
      "weightInit" : "DISTRIBUTION",
      "weightNoise" : null
    },
    "maxNumLineSearchIterations" : 5,
    "miniBatch" : true,
    "minimize" : true,
    "optimizationAlgo" : "STOCHASTIC_GRADIENT_DESCENT",
    "pretrain" : false,
    "seed" : 1566958257912,
    "stepFunction" : null,
    "variables" : [ "W", "b" ]
  }, {
    "cacheMode" : "NONE",
    "epochCount" : 200,
    "iterationCount" : 0,
    "layer" : {
      "@class" : "org.deeplearning4j.nn.conf.layers.OutputLayer",
      "activationFn" : {
        "@class" : "org.nd4j.linalg.activations.impl.ActivationSoftmax"
      },
      "biasInit" : 0.0,
      "biasUpdater" : {
        "@class" : "org.nd4j.linalg.learning.config.Nesterovs",
        "learningRate" : "NaN",
        "learningRateSchedule" : {
          "@class" : "org.nd4j.linalg.schedule.StepSchedule",
          "decayRate" : 0.1,
          "initialValue" : 0.02,
          "scheduleType" : "ITERATION",
          "step" : 100000.0
        },
        "momentum" : 0.9
      },
      "constraints" : null,
      "dist" : {
        "type" : "org.deeplearning4j.nn.conf.distribution.NormalDistribution",
        "mean" : 0.0,
        "std" : 0.01
      },
      "gradientNormalization" : "RenormalizeL2PerLayer",
      "gradientNormalizationThreshold" : 1.0,
      "hasBias" : true,
      "idropout" : null,
      "iupdater" : {
        "@class" : "org.nd4j.linalg.learning.config.Nesterovs",
        "learningRate" : "NaN",
        "learningRateSchedule" : {
          "@class" : "org.nd4j.linalg.schedule.StepSchedule",
          "decayRate" : 0.1,
          "initialValue" : 0.01,
          "scheduleType" : "ITERATION",
          "step" : 100000.0
        },
        "momentum" : 0.9
      },
      "l1" : 0.0,
      "l1Bias" : 0.0,
      "l2" : 5.0E-4,
      "l2Bias" : 0.0,
      "layerName" : "layer7",
      "legacyBatchScaledL2" : false,
      "lossFn" : {
        "@class" : "org.nd4j.linalg.lossfunctions.impl.LossNegativeLogLikelihood",
        "configProperties" : false,
        "numOutputs" : -1,
        "softmaxClipEps" : 1.0E-10
      },
      "nin" : 500,
      "nout" : 4,
      "pretrain" : false,
      "weightInit" : "DISTRIBUTION",
      "weightNoise" : null
    },
    "maxNumLineSearchIterations" : 5,
    "miniBatch" : true,
    "minimize" : true,
    "optimizationAlgo" : "STOCHASTIC_GRADIENT_DESCENT",
    "pretrain" : false,
    "seed" : 1566958257912,
    "stepFunction" : null,
    "variables" : [ "W", "b" ]
  } ],
  "epochCount" : 200,
  "inferenceWorkspaceMode" : "ENABLED",
  "inputPreProcessors" : {
    "5" : {
      "@class" : "org.deeplearning4j.nn.conf.preprocessor.CnnToFeedForwardPreProcessor",
      "inputHeight" : 7,
      "inputWidth" : 7,
      "numChannels" : 256
    }
  },
  "iterationCount" : 6200,
  "legacyBatchScaledL2" : false,
  "pretrain" : false,
  "tbpttBackLength" : 20,
  "tbpttFwdLength" : 20,
  "trainingWorkspaceMode" : "ENABLED"
}